INSERT INTO public.recipes (id, title, description, time_required, difficulty_level, image_url, base_servings, category_id, is_sponsored) VALUES ('82f61cee-7e07-4628-9f2e-39b6fba06ff5', 'フライパン1つで！簡単とろとろオムライス', '', '15分', 2, '', 2, 'western', true);
INSERT INTO public.recipes (id, title, description, time_required, difficulty_level, image_url, base_servings, category_id, is_sponsored) VALUES ('e057676e-5d35-413a-89cb-2c75cfc2bb6c', '豚の角煮', '', '60分', 3, '', 4, 'japanese', false);
INSERT INTO public.recipes (id, title, description, time_required, difficulty_level, image_url, base_servings, category_id, is_sponsored) VALUES ('83174b5e-7e35-4f43-b52c-a4a6d2417600', '絶品！トマトカレー', '', '30分', 2, '', 4, 'western', false);
INSERT INTO public.recipes (id, title, description, time_required, difficulty_level, image_url, base_servings, category_id, is_sponsored) VALUES ('e0f515f0-52cd-4865-b5ab-87d0b3e6fbd3', '5分で完成！無限ピーマン', '', '5分', 1, '', 2, 'japanese', false);
INSERT INTO public.recipes (id, title, description, time_required, difficulty_level, image_url, base_servings, category_id, is_sponsored) VALUES ('b98a08ca-652c-4648-833c-cad6a49f239a', '濃厚ビーフシチュー', '', '120分', 3, '', 4, 'western', false);
INSERT INTO public.recipes (id, title, description, time_required, difficulty_level, image_url, base_servings, category_id, is_sponsored) VALUES ('62fa5ada-7109-4db3-a90c-2cd3aadbcd04', '本格・麻婆豆腐', '', '20分', 2, '', 2, 'chinese', false);
INSERT INTO public.recipes (id, title, description, time_required, difficulty_level, image_url, base_servings, category_id, is_sponsored) VALUES ('142027f4-727a-4ccd-91d9-785eacb10855', '柔らかチキンシーザー', '', '20分', 2, '', 2, 'korean', false);
INSERT INTO public.recipes (id, title, description, time_required, difficulty_level, image_url, base_servings, category_id, is_sponsored) VALUES ('3e03227c-9426-4f4f-a3fc-11b5a54746ab', 'フルーツティラミス', '', '30分', 2, '', 4, 'healthy', false);

INSERT INTO public.ingredients (id, name) VALUES ('bd68e148-11be-46da-b0cb-cf84de6647a4', 'ご飯');
INSERT INTO public.ingredients (id, name) VALUES ('da0accd4-d128-4aa1-bdd0-fd9653084d3d', '鶏もも肉');
INSERT INTO public.ingredients (id, name) VALUES ('a29fdb11-b172-4d38-9ee9-a2598492bb11', '玉ねぎ');
INSERT INTO public.ingredients (id, name) VALUES ('2eda4cd1-318b-4e61-ba73-0fb8ee104a46', 'ケチャップ');
INSERT INTO public.ingredients (id, name) VALUES ('7c2919cb-7df4-4271-b017-917f12e29f5b', '卵');
INSERT INTO public.ingredients (id, name) VALUES ('254883c3-28c4-408c-b93b-dd33c3558aaf', '牛乳');
INSERT INTO public.ingredients (id, name) VALUES ('5ba367d4-8f74-4341-baf4-fed83611fe1e', '豚バラブロック');
INSERT INTO public.ingredients (id, name) VALUES ('b81039af-08e7-4a4c-a9ab-9b8e2b2786f7', '大根');
INSERT INTO public.ingredients (id, name) VALUES ('5067e33b-d2d0-41d1-b66b-6122d0c36c9f', 'ゆで卵');
INSERT INTO public.ingredients (id, name) VALUES ('8e0708bd-4860-4d8e-8dd3-62aba7b9cc4d', '醤油');
INSERT INTO public.ingredients (id, name) VALUES ('d506fd99-c511-4865-9440-abf8874a1cd2', '砂糖');
INSERT INTO public.ingredients (id, name) VALUES ('1bde0aad-68e4-4ee4-9894-297b0cff295a', '酒');
INSERT INTO public.ingredients (id, name) VALUES ('dbbeccd5-d8f2-48ea-b673-8e5a3e73d417', 'トマト缶');
INSERT INTO public.ingredients (id, name) VALUES ('60e8dd4a-d929-4e87-9144-4af3cc4430c3', 'カレールー');
INSERT INTO public.ingredients (id, name) VALUES ('103958da-7638-40f3-bffa-cab650394768', '水');
INSERT INTO public.ingredients (id, name) VALUES ('b2bfeeaa-d089-4619-bdb8-e872d4f31451', 'ピーマン');
INSERT INTO public.ingredients (id, name) VALUES ('cab9132c-f21a-47be-9be5-f4f7e6cdb0e2', 'ツナ缶');
INSERT INTO public.ingredients (id, name) VALUES ('c2b138f8-80af-4a74-9006-b50eaac93391', 'ごま油');
INSERT INTO public.ingredients (id, name) VALUES ('a39b6fac-bccf-4383-a4aa-0535eb1e9f0f', '鶏ガラスープの素');
INSERT INTO public.ingredients (id, name) VALUES ('e407ba6c-eafb-4cbb-ab86-83e2347a5e09', '牛すね肉');
INSERT INTO public.ingredients (id, name) VALUES ('fe3d11e1-bbed-4771-ac88-a0b5af5c674a', 'にんじん');
INSERT INTO public.ingredients (id, name) VALUES ('c7075e76-e686-4689-8cfe-38a7dd87a5f3', '赤ワイン');
INSERT INTO public.ingredients (id, name) VALUES ('1e0da9b1-bc8e-4118-b125-2df271005b37', 'デミグラスソース缶');
INSERT INTO public.ingredients (id, name) VALUES ('afe0bd8c-5043-4e39-83f7-6d5f58349830', '豆腐');
INSERT INTO public.ingredients (id, name) VALUES ('2f242a43-1086-4daa-9d49-0a1046fb8bc9', '豚ひき肉');
INSERT INTO public.ingredients (id, name) VALUES ('09d83c62-b42d-4b78-81ad-f8897e883923', '長ネギ');
INSERT INTO public.ingredients (id, name) VALUES ('9d9992a4-5439-4fb3-a9cf-f90f00861a4b', '豆板醤');
INSERT INTO public.ingredients (id, name) VALUES ('2fd298a5-dcda-4ce6-9b75-c5e22801a1b5', '鶏ガラスープ');
INSERT INTO public.ingredients (id, name) VALUES ('25b0291a-0c31-46b0-bfc1-430367d9d729', 'キャベツ');
INSERT INTO public.ingredients (id, name) VALUES ('303a3547-d6c9-417f-a3f9-3c13b3f0feae', 'コチュジャン');
INSERT INTO public.ingredients (id, name) VALUES ('a33a6a8e-d82a-4d8e-8aa3-0d3934ecafe9', 'ピザ用チーズ');
INSERT INTO public.ingredients (id, name) VALUES ('c3c010bc-f740-45ad-bda1-2bd7b78f02d8', 'マスカルポーネ');
INSERT INTO public.ingredients (id, name) VALUES ('661be4ea-e392-4e1b-bccf-f95a31ae4124', 'コーヒー');
INSERT INTO public.ingredients (id, name) VALUES ('fed153d6-7333-4bb9-89ad-4b984ae00c13', 'ビスケット');
INSERT INTO public.ingredients (id, name) VALUES ('cd76188e-9f2d-4262-b667-ac32ba7fa9f0', 'フルーツ');

INSERT INTO public.recipe_ingredients (id, recipe_id, ingredient_id, amount, unit, gram_per_unit) VALUES ('7a3f6c2b-edee-4fe8-9cfa-b569fda436c1', '82f61cee-7e07-4628-9f2e-39b6fba06ff5', 'bd68e148-11be-46da-b0cb-cf84de6647a4', 300, 'g', null);
INSERT INTO public.recipe_ingredients (id, recipe_id, ingredient_id, amount, unit, gram_per_unit) VALUES ('b66f7684-8358-40cb-9641-9700ff6348b3', '82f61cee-7e07-4628-9f2e-39b6fba06ff5', 'da0accd4-d128-4aa1-bdd0-fd9653084d3d', 100, 'g', null);
INSERT INTO public.recipe_ingredients (id, recipe_id, ingredient_id, amount, unit, gram_per_unit) VALUES ('10e04a65-3e55-4783-a39f-39fbe67b85ff', '82f61cee-7e07-4628-9f2e-39b6fba06ff5', 'a29fdb11-b172-4d38-9ee9-a2598492bb11', 0.5, '個', null);
INSERT INTO public.recipe_ingredients (id, recipe_id, ingredient_id, amount, unit, gram_per_unit) VALUES ('f9427627-25ae-4d98-906c-3dc4f4fcc2a3', '82f61cee-7e07-4628-9f2e-39b6fba06ff5', '2eda4cd1-318b-4e61-ba73-0fb8ee104a46', 3, '大さじ', 15);
INSERT INTO public.recipe_ingredients (id, recipe_id, ingredient_id, amount, unit, gram_per_unit) VALUES ('f479b658-15fa-4a93-b3bd-610d8acd652e', '82f61cee-7e07-4628-9f2e-39b6fba06ff5', '7c2919cb-7df4-4271-b017-917f12e29f5b', 3, '個', null);
INSERT INTO public.recipe_ingredients (id, recipe_id, ingredient_id, amount, unit, gram_per_unit) VALUES ('aa45f30b-a55f-4810-bfc9-7f82558ed3b7', '82f61cee-7e07-4628-9f2e-39b6fba06ff5', '254883c3-28c4-408c-b93b-dd33c3558aaf', 2, '大さじ', 15);
INSERT INTO public.recipe_steps (id, recipe_id, step_number, instruction) VALUES ('8e2c7900-ea0a-4b3f-a00d-ecc60da62b0a', '82f61cee-7e07-4628-9f2e-39b6fba06ff5', 1, '鶏肉と玉ねぎを細かく切る。');
INSERT INTO public.recipe_steps (id, recipe_id, step_number, instruction) VALUES ('2a6496bb-a7e6-43a4-af35-0761eba9f7d7', '82f61cee-7e07-4628-9f2e-39b6fba06ff5', 2, 'フライパンに油をひき、鶏肉と玉ねぎを炒める。');
INSERT INTO public.recipe_steps (id, recipe_id, step_number, instruction) VALUES ('0ab85fc5-b056-48c6-9abe-bd480657984f', '82f61cee-7e07-4628-9f2e-39b6fba06ff5', 3, 'ご飯とケチャップを加えて炒め合わせ、一旦お皿に取り出す。');
INSERT INTO public.recipe_steps (id, recipe_id, step_number, instruction) VALUES ('93fefc14-7c94-4611-8cb6-d9dd5eec3baa', '82f61cee-7e07-4628-9f2e-39b6fba06ff5', 4, '卵と牛乳を混ぜ、同じフライパンで半熟状に焼く。');
INSERT INTO public.recipe_steps (id, recipe_id, step_number, instruction) VALUES ('14c0a4f3-b6a1-4d59-b7b6-f113f134b64d', '82f61cee-7e07-4628-9f2e-39b6fba06ff5', 5, 'チキンライスの上に卵をのせて完成！');
INSERT INTO public.recipe_ingredients (id, recipe_id, ingredient_id, amount, unit, gram_per_unit) VALUES ('d5cbf384-0c08-4147-99cb-23d6b002e937', 'e057676e-5d35-413a-89cb-2c75cfc2bb6c', '5ba367d4-8f74-4341-baf4-fed83611fe1e', 500, 'g', null);
INSERT INTO public.recipe_ingredients (id, recipe_id, ingredient_id, amount, unit, gram_per_unit) VALUES ('29a6e625-6553-4571-9e38-1ee63acecaa0', 'e057676e-5d35-413a-89cb-2c75cfc2bb6c', 'b81039af-08e7-4a4c-a9ab-9b8e2b2786f7', 0.5, '本', null);
INSERT INTO public.recipe_ingredients (id, recipe_id, ingredient_id, amount, unit, gram_per_unit) VALUES ('9af2e068-259f-49c2-8c73-0790e0c77abf', 'e057676e-5d35-413a-89cb-2c75cfc2bb6c', '5067e33b-d2d0-41d1-b66b-6122d0c36c9f', 4, '個', null);
INSERT INTO public.recipe_ingredients (id, recipe_id, ingredient_id, amount, unit, gram_per_unit) VALUES ('daecf699-6031-444a-af02-98d1cc87855a', 'e057676e-5d35-413a-89cb-2c75cfc2bb6c', '8e0708bd-4860-4d8e-8dd3-62aba7b9cc4d', 4, '大さじ', null);
INSERT INTO public.recipe_ingredients (id, recipe_id, ingredient_id, amount, unit, gram_per_unit) VALUES ('cd43d4a7-bc71-4dda-ba7c-7c0bb9ae7017', 'e057676e-5d35-413a-89cb-2c75cfc2bb6c', 'd506fd99-c511-4865-9440-abf8874a1cd2', 3, '大さじ', null);
INSERT INTO public.recipe_ingredients (id, recipe_id, ingredient_id, amount, unit, gram_per_unit) VALUES ('3830cfb5-daf9-42cf-8a34-2f87efc01a1a', 'e057676e-5d35-413a-89cb-2c75cfc2bb6c', '1bde0aad-68e4-4ee4-9894-297b0cff295a', 50, 'ml', null);
INSERT INTO public.recipe_steps (id, recipe_id, step_number, instruction) VALUES ('6a05b9ff-86e6-47c7-bdec-2ecc3dc45fec', 'e057676e-5d35-413a-89cb-2c75cfc2bb6c', 1, '豚肉を大きめに切り、表面に焼き色をつける。');
INSERT INTO public.recipe_steps (id, recipe_id, step_number, instruction) VALUES ('cb39aabc-2cc2-45c6-98ee-cc088d7f3f0c', 'e057676e-5d35-413a-89cb-2c75cfc2bb6c', 2, '大根は厚めの半月切りにする。');
INSERT INTO public.recipe_steps (id, recipe_id, step_number, instruction) VALUES ('fbd58528-848e-4995-97b4-d7bfd96e93d4', 'e057676e-5d35-413a-89cb-2c75cfc2bb6c', 3, '鍋に豚肉、大根、調味料を入れ、落とし蓋をして弱火で40分煮る。');
INSERT INTO public.recipe_steps (id, recipe_id, step_number, instruction) VALUES ('b3e23d00-308b-48d5-903a-d064d7348a3e', 'e057676e-5d35-413a-89cb-2c75cfc2bb6c', 4, 'ゆで卵を加え、さらに10分煮込んで味を染み込ませる。');
INSERT INTO public.recipe_ingredients (id, recipe_id, ingredient_id, amount, unit, gram_per_unit) VALUES ('4d1980c2-f78f-4b72-832f-b60d31226878', '83174b5e-7e35-4f43-b52c-a4a6d2417600', 'da0accd4-d128-4aa1-bdd0-fd9653084d3d', 300, 'g', null);
INSERT INTO public.recipe_ingredients (id, recipe_id, ingredient_id, amount, unit, gram_per_unit) VALUES ('9a970a5a-f4be-4693-9ed0-0e2015f30507', '83174b5e-7e35-4f43-b52c-a4a6d2417600', 'a29fdb11-b172-4d38-9ee9-a2598492bb11', 1, '個', null);
INSERT INTO public.recipe_ingredients (id, recipe_id, ingredient_id, amount, unit, gram_per_unit) VALUES ('5342537b-bc99-49ae-97b9-7e4d490fe31d', '83174b5e-7e35-4f43-b52c-a4a6d2417600', 'dbbeccd5-d8f2-48ea-b673-8e5a3e73d417', 1, '缶', null);
INSERT INTO public.recipe_ingredients (id, recipe_id, ingredient_id, amount, unit, gram_per_unit) VALUES ('56fb35ee-cb9d-4464-b7f0-bee14e8d7f1c', '83174b5e-7e35-4f43-b52c-a4a6d2417600', '60e8dd4a-d929-4e87-9144-4af3cc4430c3', 4, 'かけ', null);
INSERT INTO public.recipe_ingredients (id, recipe_id, ingredient_id, amount, unit, gram_per_unit) VALUES ('772d179a-e822-4d1e-8fe7-34316c83f78e', '83174b5e-7e35-4f43-b52c-a4a6d2417600', '103958da-7638-40f3-bffa-cab650394768', 200, 'ml', null);
INSERT INTO public.recipe_steps (id, recipe_id, step_number, instruction) VALUES ('a7ceff38-100c-4912-ad1b-3156750b1a91', '83174b5e-7e35-4f43-b52c-a4a6d2417600', 1, '鶏肉と玉ねぎを一口大に切る。');
INSERT INTO public.recipe_steps (id, recipe_id, step_number, instruction) VALUES ('f5223be4-d3c0-4753-b7c0-5d72665c94d4', '83174b5e-7e35-4f43-b52c-a4a6d2417600', 2, '鍋で鶏肉と玉ねぎを炒める。');
INSERT INTO public.recipe_steps (id, recipe_id, step_number, instruction) VALUES ('921c9bfc-6a83-4ef6-a032-b420f396bdeb', '83174b5e-7e35-4f43-b52c-a4a6d2417600', 3, 'トマト缶と水を加え、15分煮込む。');
INSERT INTO public.recipe_steps (id, recipe_id, step_number, instruction) VALUES ('8957882e-cf76-4d4c-8913-2eff97feadb2', '83174b5e-7e35-4f43-b52c-a4a6d2417600', 4, '火を止め、カレールーを溶かし入れてさらに5分煮る。');
INSERT INTO public.recipe_ingredients (id, recipe_id, ingredient_id, amount, unit, gram_per_unit) VALUES ('57a54316-fdce-4cf0-92db-9db19e17843d', 'e0f515f0-52cd-4865-b5ab-87d0b3e6fbd3', 'b2bfeeaa-d089-4619-bdb8-e872d4f31451', 4, '個', null);
INSERT INTO public.recipe_ingredients (id, recipe_id, ingredient_id, amount, unit, gram_per_unit) VALUES ('9733dc42-ae20-4362-80fb-fdc9f924a237', 'e0f515f0-52cd-4865-b5ab-87d0b3e6fbd3', 'cab9132c-f21a-47be-9be5-f4f7e6cdb0e2', 1, '缶', null);
INSERT INTO public.recipe_ingredients (id, recipe_id, ingredient_id, amount, unit, gram_per_unit) VALUES ('05727250-4bec-4e22-9657-6fbabc5c3208', 'e0f515f0-52cd-4865-b5ab-87d0b3e6fbd3', 'c2b138f8-80af-4a74-9006-b50eaac93391', 1, '大さじ', null);
INSERT INTO public.recipe_ingredients (id, recipe_id, ingredient_id, amount, unit, gram_per_unit) VALUES ('edaaa263-5251-4619-a707-b3605bca53a4', 'e0f515f0-52cd-4865-b5ab-87d0b3e6fbd3', 'a39b6fac-bccf-4383-a4aa-0535eb1e9f0f', 1, '小さじ', null);
INSERT INTO public.recipe_steps (id, recipe_id, step_number, instruction) VALUES ('7e169535-2529-4753-a0a7-ca580b88ce89', 'e0f515f0-52cd-4865-b5ab-87d0b3e6fbd3', 1, 'ピーマンを細切りにする。');
INSERT INTO public.recipe_steps (id, recipe_id, step_number, instruction) VALUES ('cd7e97c1-0749-4217-823c-0bea9fd5e9f6', 'e0f515f0-52cd-4865-b5ab-87d0b3e6fbd3', 2, '耐熱ボウルにピーマン、ツナ（油ごと）、調味料を入れる。');
INSERT INTO public.recipe_steps (id, recipe_id, step_number, instruction) VALUES ('d2933db1-8509-4749-854f-26b382fd62ce', 'e0f515f0-52cd-4865-b5ab-87d0b3e6fbd3', 3, 'ふんわりラップをして電子レンジ（600W）で3分加熱する。');
INSERT INTO public.recipe_steps (id, recipe_id, step_number, instruction) VALUES ('36cf828f-e0ba-42b1-ac4d-07f29cea9f4b', 'e0f515f0-52cd-4865-b5ab-87d0b3e6fbd3', 4, 'よく混ぜ合わせ、粗熱が取れたら完成！');
INSERT INTO public.recipe_ingredients (id, recipe_id, ingredient_id, amount, unit, gram_per_unit) VALUES ('14f3e5ef-3dcf-48f4-abff-64cbd1617575', 'b98a08ca-652c-4648-833c-cad6a49f239a', 'e407ba6c-eafb-4cbb-ab86-83e2347a5e09', 400, 'g', null);
INSERT INTO public.recipe_ingredients (id, recipe_id, ingredient_id, amount, unit, gram_per_unit) VALUES ('5b698bfc-126c-4568-8f4f-d315cfe4b545', 'b98a08ca-652c-4648-833c-cad6a49f239a', 'a29fdb11-b172-4d38-9ee9-a2598492bb11', 2, '個', null);
INSERT INTO public.recipe_ingredients (id, recipe_id, ingredient_id, amount, unit, gram_per_unit) VALUES ('0f09441f-3ac2-43cc-8df4-e072a0d9c777', 'b98a08ca-652c-4648-833c-cad6a49f239a', 'fe3d11e1-bbed-4771-ac88-a0b5af5c674a', 1, '本', null);
INSERT INTO public.recipe_ingredients (id, recipe_id, ingredient_id, amount, unit, gram_per_unit) VALUES ('dcf49cf1-30db-43d7-b811-19a671ad845b', 'b98a08ca-652c-4648-833c-cad6a49f239a', 'c7075e76-e686-4689-8cfe-38a7dd87a5f3', 200, 'ml', null);
INSERT INTO public.recipe_ingredients (id, recipe_id, ingredient_id, amount, unit, gram_per_unit) VALUES ('319776e7-81e4-4fb6-a5c1-4708313f8436', 'b98a08ca-652c-4648-833c-cad6a49f239a', '1e0da9b1-bc8e-4118-b125-2df271005b37', 1, '缶', null);
INSERT INTO public.recipe_steps (id, recipe_id, step_number, instruction) VALUES ('2bcbad80-ff50-470e-82b7-3bbcd11cde17', 'b98a08ca-652c-4648-833c-cad6a49f239a', 1, '牛肉は大きめに切り、塩こしょうをして表面を焼く。');
INSERT INTO public.recipe_steps (id, recipe_id, step_number, instruction) VALUES ('ffc3e997-66a3-4223-b4ce-584ea22880d0', 'b98a08ca-652c-4648-833c-cad6a49f239a', 2, '玉ねぎ、にんじんを乱切りにし、鍋で炒める。');
INSERT INTO public.recipe_steps (id, recipe_id, step_number, instruction) VALUES ('0bd13f8b-8016-4e00-8bb7-a0bb121f4302', 'b98a08ca-652c-4648-833c-cad6a49f239a', 3, '牛肉と赤ワインを加え、アルコールを飛ばす。');
INSERT INTO public.recipe_steps (id, recipe_id, step_number, instruction) VALUES ('8cf34be3-7b9f-4ad1-b460-7b9ffa9f675c', 'b98a08ca-652c-4648-833c-cad6a49f239a', 4, '水とデミグラスソースを加え、弱火で1時間半煮込む。');
INSERT INTO public.recipe_ingredients (id, recipe_id, ingredient_id, amount, unit, gram_per_unit) VALUES ('b874c1b6-cc0c-4ea6-b13d-8fd35229b80f', '62fa5ada-7109-4db3-a90c-2cd3aadbcd04', 'afe0bd8c-5043-4e39-83f7-6d5f58349830', 1, '丁', null);
INSERT INTO public.recipe_ingredients (id, recipe_id, ingredient_id, amount, unit, gram_per_unit) VALUES ('b6f81cb9-8412-4de0-b3aa-019f4825500e', '62fa5ada-7109-4db3-a90c-2cd3aadbcd04', '2f242a43-1086-4daa-9d49-0a1046fb8bc9', 150, 'g', null);
INSERT INTO public.recipe_ingredients (id, recipe_id, ingredient_id, amount, unit, gram_per_unit) VALUES ('436737ff-e229-47fc-b523-983d84454346', '62fa5ada-7109-4db3-a90c-2cd3aadbcd04', '09d83c62-b42d-4b78-81ad-f8897e883923', 0.5, '本', null);
INSERT INTO public.recipe_ingredients (id, recipe_id, ingredient_id, amount, unit, gram_per_unit) VALUES ('8d5cbe31-6d8b-4a52-b4fa-bef2a7b66724', '62fa5ada-7109-4db3-a90c-2cd3aadbcd04', '9d9992a4-5439-4fb3-a9cf-f90f00861a4b', 1, '大さじ', null);
INSERT INTO public.recipe_ingredients (id, recipe_id, ingredient_id, amount, unit, gram_per_unit) VALUES ('469e6e7d-7d6d-46a5-85b0-cadf2f7d7e1e', '62fa5ada-7109-4db3-a90c-2cd3aadbcd04', '2fd298a5-dcda-4ce6-9b75-c5e22801a1b5', 150, 'ml', null);
INSERT INTO public.recipe_steps (id, recipe_id, step_number, instruction) VALUES ('d50aee14-0c03-4aa8-8b00-7b6d6ce59fc8', '62fa5ada-7109-4db3-a90c-2cd3aadbcd04', 1, '豆腐は1.5cmの角切りにし、ネギをみじん切りにする。');
INSERT INTO public.recipe_steps (id, recipe_id, step_number, instruction) VALUES ('cd98bfac-c816-4b8b-aab3-9a68d69ae083', '62fa5ada-7109-4db3-a90c-2cd3aadbcd04', 2, 'フライパンでひき肉と豆板醤を炒める。');
INSERT INTO public.recipe_steps (id, recipe_id, step_number, instruction) VALUES ('387c76c5-beef-4376-a2a3-22210aa534b0', '62fa5ada-7109-4db3-a90c-2cd3aadbcd04', 3, 'スープと豆腐を加え、5分煮る。');
INSERT INTO public.recipe_steps (id, recipe_id, step_number, instruction) VALUES ('7d5b9e83-3dc7-4563-8c6d-b21886a964ad', '62fa5ada-7109-4db3-a90c-2cd3aadbcd04', 4, '水溶き片栗粉でとろみをつけ、ネギを散らす。');
INSERT INTO public.recipe_ingredients (id, recipe_id, ingredient_id, amount, unit, gram_per_unit) VALUES ('4768c5dd-f215-476b-b35f-e2d62ae6def7', '142027f4-727a-4ccd-91d9-785eacb10855', 'da0accd4-d128-4aa1-bdd0-fd9653084d3d', 300, 'g', null);
INSERT INTO public.recipe_ingredients (id, recipe_id, ingredient_id, amount, unit, gram_per_unit) VALUES ('47bd39f0-0c3c-4307-9206-57eff8a09368', '142027f4-727a-4ccd-91d9-785eacb10855', '25b0291a-0c31-46b0-bfc1-430367d9d729', 0.25, '個', null);
INSERT INTO public.recipe_ingredients (id, recipe_id, ingredient_id, amount, unit, gram_per_unit) VALUES ('f11a5e73-689b-44b5-9db0-412e7d11d7be', '142027f4-727a-4ccd-91d9-785eacb10855', '303a3547-d6c9-417f-a3f9-3c13b3f0feae', 2, '大さじ', null);
INSERT INTO public.recipe_ingredients (id, recipe_id, ingredient_id, amount, unit, gram_per_unit) VALUES ('051a3e5b-e61d-489a-8a0c-885513efdef1', '142027f4-727a-4ccd-91d9-785eacb10855', 'a33a6a8e-d82a-4d8e-8aa3-0d3934ecafe9', 100, 'g', null);
INSERT INTO public.recipe_steps (id, recipe_id, step_number, instruction) VALUES ('6cb508a4-0899-4ee0-93d0-48f9679a55c3', '142027f4-727a-4ccd-91d9-785eacb10855', 1, '鶏肉と野菜を一口大に切る。');
INSERT INTO public.recipe_steps (id, recipe_id, step_number, instruction) VALUES ('b38b611d-c254-4dda-b7b5-563a359269ff', '142027f4-727a-4ccd-91d9-785eacb10855', 2, 'フライパンで具材を炒め、調味料で味付けする。');
INSERT INTO public.recipe_steps (id, recipe_id, step_number, instruction) VALUES ('d95d910a-7865-4934-b14c-63c7cb335816', '142027f4-727a-4ccd-91d9-785eacb10855', 3, '中央にスペースを空け、チーズを溶かして完成！');
INSERT INTO public.recipe_ingredients (id, recipe_id, ingredient_id, amount, unit, gram_per_unit) VALUES ('d008a098-1236-4a0f-b55f-702f05098cb3', '3e03227c-9426-4f4f-a3fc-11b5a54746ab', 'c3c010bc-f740-45ad-bda1-2bd7b78f02d8', 200, 'g', null);
INSERT INTO public.recipe_ingredients (id, recipe_id, ingredient_id, amount, unit, gram_per_unit) VALUES ('de7b2dc5-8eeb-482b-9550-12eda5812d8f', '3e03227c-9426-4f4f-a3fc-11b5a54746ab', '661be4ea-e392-4e1b-bccf-f95a31ae4124', 100, 'ml', null);
INSERT INTO public.recipe_ingredients (id, recipe_id, ingredient_id, amount, unit, gram_per_unit) VALUES ('0e08534d-8408-4466-abaf-38dbaf4ba00b', '3e03227c-9426-4f4f-a3fc-11b5a54746ab', 'fed153d6-7333-4bb9-89ad-4b984ae00c13', 1, '袋', null);
INSERT INTO public.recipe_ingredients (id, recipe_id, ingredient_id, amount, unit, gram_per_unit) VALUES ('4ef2ee13-21b3-44eb-aef9-6d66a2671022', '3e03227c-9426-4f4f-a3fc-11b5a54746ab', 'cd76188e-9f2d-4262-b667-ac32ba7fa9f0', 1, '適量', null);
INSERT INTO public.recipe_steps (id, recipe_id, step_number, instruction) VALUES ('0b985a4e-730a-4b72-9d65-580cbdb4d180', '3e03227c-9426-4f4f-a3fc-11b5a54746ab', 1, 'コーヒーをビスケットに染み込ませる。');
INSERT INTO public.recipe_steps (id, recipe_id, step_number, instruction) VALUES ('347cdab4-61e1-4dd7-b6ec-f8818ea4a132', '3e03227c-9426-4f4f-a3fc-11b5a54746ab', 2, 'チーズクリームと交互に重ねる。');
INSERT INTO public.recipe_steps (id, recipe_id, step_number, instruction) VALUES ('cc02abef-99ca-44e6-9c9f-fe71744bb87e', '3e03227c-9426-4f4f-a3fc-11b5a54746ab', 3, '冷蔵庫で冷やし、フルーツを飾る。');
